IP Adress,Port,Code,Country,Anonymity,Google,Https,Last Checked
,,,,,,,
64.225.4.63,9993,US,United States,elite proxy,no,yes,10 mins ago
64.225.8.179,9998,US,United States,elite proxy,no,yes,10 mins ago
43.135.158.217,80,US,United States,anonymous,no,yes,10 mins ago
64.225.8.121,9985,US,United States,elite proxy,no,yes,10 mins ago
209.126.6.159,80,US,United States,elite proxy,yes,no,11 mins ago
18.116.27.91,443,US,United States,anonymous,yes,no,11 mins ago
143.42.163.193,80,US,United States,anonymous,no,no,11 mins ago
96.113.159.162,80,US,United States,anonymous,no,no,11 mins ago
137.184.197.190,80,US,United States,elite proxy,yes,no,11 mins ago
34.238.235.194,80,US,United States,anonymous,no,no,11 mins ago
138.68.235.51,80,US,United States,elite proxy,yes,no,11 mins ago
47.88.3.19,8080,US,United States,anonymous,no,no,11 mins ago
54.196.13.224,80,US,United States,elite proxy,yes,yes,11 mins ago
104.225.220.233,80,US,United States,elite proxy,yes,no,11 mins ago
138.68.60.8,8080,US,United States,anonymous,no,no,11 mins ago
5.161.218.180,3128,US,United States,anonymous,no,yes,11 mins ago
209.97.150.167,3128,US,United States,anonymous,no,no,11 mins ago
172.245.159.177,80,US,United States,anonymous,no,no,11 mins ago
49.51.189.190,443,US,United States,anonymous,yes,no,11 mins ago
192.241.238.167,31028,US,United States,elite proxy,no,no,11 mins ago
20.157.194.61,80,US,United States,anonymous,no,no,11 mins ago
172.105.128.71,56444,US,United States,elite proxy,no,yes,11 mins ago
45.119.208.134,80,US,United States,anonymous,yes,no,20 mins ago
23.254.161.181,80,US,United States,elite proxy,yes,no,20 mins ago
34.135.0.68,80,US,United States,elite proxy,yes,no,20 mins ago
34.170.89.64,80,US,United States,elite proxy,yes,no,20 mins ago
141.148.63.29,80,US,United States,elite proxy,yes,no,20 mins ago
193.122.155.43,80,US,United States,elite proxy,,no,20 mins ago
18.117.148.231,80,US,United States,elite proxy,yes,no,20 mins ago
72.170.220.17,8080,US,United States,elite proxy,,no,20 mins ago
198.211.117.231,80,US,United States,elite proxy,yes,no,20 mins ago
100.19.135.109,80,US,United States,elite proxy,yes,no,20 mins ago
75.89.101.62,80,US,United States,anonymous,no,no,20 mins ago
162.252.84.93,80,US,United States,anonymous,,no,20 mins ago
64.176.5.119,80,US,United States,anonymous,yes,no,20 mins ago
107.148.193.162,1080,US,United States,anonymous,,yes,30 mins ago
50.168.163.181,80,US,United States,anonymous,no,no,30 mins ago
50.206.25.105,80,US,United States,anonymous,no,no,30 mins ago
50.228.141.96,80,US,United States,anonymous,no,no,30 mins ago
50.217.226.40,80,US,United States,anonymous,no,no,30 mins ago
50.217.226.42,80,US,United States,anonymous,no,no,30 mins ago
50.171.32.227,80,US,United States,anonymous,no,no,30 mins ago
50.218.57.69,80,US,United States,anonymous,no,no,30 mins ago
107.1.93.216,80,US,United States,anonymous,no,no,30 mins ago
50.217.226.46,80,US,United States,anonymous,no,no,30 mins ago
50.174.7.162,80,US,United States,anonymous,no,no,30 mins ago
50.217.153.79,80,US,United States,anonymous,no,no,30 mins ago
50.207.199.86,80,US,United States,anonymous,no,no,30 mins ago
50.217.153.76,80,US,United States,anonymous,no,no,30 mins ago
103.72.79.211,80,US,United States,elite proxy,yes,no,30 mins ago
162.223.94.163,80,US,United States,anonymous,no,no,30 mins ago
50.217.153.77,80,US,United States,anonymous,no,no,30 mins ago
50.200.12.82,80,US,United States,anonymous,no,no,30 mins ago
50.173.157.74,80,US,United States,anonymous,no,no,30 mins ago
162.223.94.164,80,US,United States,anonymous,no,no,30 mins ago
50.239.72.16,80,US,United States,anonymous,no,no,30 mins ago
24.205.201.186,80,US,United States,anonymous,no,no,30 mins ago
50.237.207.186,80,US,United States,anonymous,no,no,30 mins ago
137.184.232.148,80,US,United States,elite proxy,yes,no,30 mins ago
50.174.7.158,80,US,United States,anonymous,no,no,30 mins ago
50.228.141.100,80,US,United States,anonymous,no,no,30 mins ago
50.219.71.170,80,US,United States,anonymous,no,no,30 mins ago
50.217.22.105,80,US,United States,anonymous,no,no,30 mins ago
50.206.25.107,80,US,United States,anonymous,no,no,30 mins ago
50.206.25.111,80,US,United States,anonymous,no,no,30 mins ago
50.227.121.38,80,US,United States,anonymous,no,no,30 mins ago
107.1.93.220,80,US,United States,anonymous,no,no,30 mins ago
50.217.22.109,80,US,United States,anonymous,no,no,30 mins ago
50.227.121.33,80,US,United States,anonymous,no,no,30 mins ago
50.168.34.138,80,US,United States,anonymous,no,no,30 mins ago
50.168.49.108,80,US,United States,anonymous,no,no,30 mins ago
50.204.219.231,80,US,United States,anonymous,no,no,30 mins ago
50.223.38.2,80,US,United States,anonymous,no,no,30 mins ago
50.217.22.104,80,US,United States,anonymous,no,no,30 mins ago
50.237.89.166,80,US,United States,anonymous,no,no,30 mins ago
50.238.154.98,80,US,United States,anonymous,no,no,30 mins ago
50.200.12.81,80,US,United States,anonymous,no,no,30 mins ago
50.220.168.134,80,US,United States,anonymous,no,no,30 mins ago
50.171.2.12,80,US,United States,anonymous,no,no,30 mins ago
107.1.93.213,80,US,United States,anonymous,no,no,30 mins ago
50.221.166.2,80,US,United States,anonymous,no,no,30 mins ago
50.227.121.36,80,US,United States,anonymous,no,no,30 mins ago
50.217.226.45,80,US,United States,anonymous,no,no,30 mins ago
50.218.57.65,80,US,United States,anonymous,no,no,30 mins ago
50.174.7.156,80,US,United States,anonymous,no,no,30 mins ago
50.237.89.165,80,US,United States,anonymous,no,no,30 mins ago
50.200.12.84,80,US,United States,anonymous,no,no,30 mins ago
50.219.71.163,80,US,United States,anonymous,no,no,30 mins ago
107.1.93.223,80,US,United States,anonymous,no,no,30 mins ago
50.224.251.207,80,US,United States,anonymous,no,no,30 mins ago
50.218.57.64,80,US,United States,anonymous,no,no,30 mins ago
50.223.38.6,80,US,United States,anonymous,no,no,30 mins ago
165.227.179.39,80,US,United States,elite proxy,yes,no,30 mins ago
198.49.68.80,80,US,United States,elite proxy,yes,no,30 mins ago
50.237.89.161,80,US,United States,anonymous,no,no,30 mins ago
50.171.68.130,80,US,United States,anonymous,no,no,30 mins ago
50.221.230.186,80,US,United States,anonymous,no,no,30 mins ago
50.206.25.104,80,US,United States,anonymous,no,no,30 mins ago
63.42.112.155,8001,US,United States,elite proxy,yes,no,31 mins ago
18.144.9.176,3128,US,United States,transparent,no,no,40 mins ago
104.251.222.111,3126,US,United States,elite proxy,,no,40 mins ago
108.170.12.12,80,US,United States,elite proxy,,no,40 mins ago
152.70.135.214,80,US,United States,elite proxy,,no,40 mins ago
35.209.198.222,80,US,United States,elite proxy,yes,no,40 mins ago
198.199.86.11,3128,US,United States,anonymous,,no,40 mins ago
47.88.106.165,7328,US,United States,anonymous,,no,40 mins ago
129.159.88.228,80,US,United States,elite proxy,,no,40 mins ago
150.136.68.118,80,US,United States,elite proxy,,no,40 mins ago
34.125.246.223,80,US,United States,elite proxy,,no,40 mins ago
50.220.211.81,80,US,United States,anonymous,no,no,41 mins ago
50.168.72.112,80,US,United States,anonymous,no,no,41 mins ago
50.217.153.78,80,US,United States,anonymous,no,no,41 mins ago
50.218.57.66,80,US,United States,anonymous,no,no,41 mins ago
107.1.93.211,80,US,United States,anonymous,no,no,41 mins ago
68.185.57.66,80,US,United States,anonymous,no,no,41 mins ago
50.228.141.97,80,US,United States,anonymous,no,no,41 mins ago
50.217.22.114,80,US,United States,anonymous,no,no,41 mins ago
50.224.251.204,80,US,United States,anonymous,no,no,41 mins ago
50.227.121.39,80,US,United States,anonymous,no,no,41 mins ago
162.212.155.177,3128,US,United States,transparent,no,no,48 mins ago
50.173.157.75,80,US,United States,anonymous,no,no,50 mins ago
50.171.32.225,80,US,United States,anonymous,no,no,50 mins ago
64.225.8.82,9981,US,United States,elite proxy,no,no,50 mins ago
50.224.251.205,80,US,United States,anonymous,no,no,50 mins ago
50.207.253.118,80,US,United States,anonymous,no,no,50 mins ago
50.168.163.166,80,US,United States,anonymous,no,no,50 mins ago
50.219.71.167,80,US,United States,anonymous,no,no,50 mins ago
50.168.72.116,80,US,United States,anonymous,no,no,50 mins ago
50.173.157.70,80,US,United States,anonymous,no,no,50 mins ago
50.174.7.155,80,US,United States,anonymous,no,no,50 mins ago
50.237.89.160,80,US,United States,anonymous,no,no,50 mins ago
66.191.31.158,80,US,United States,anonymous,no,no,50 mins ago
138.68.225.200,80,US,United States,elite proxy,yes,no,50 mins ago
50.227.121.34,80,US,United States,anonymous,no,no,50 mins ago
50.173.140.149,80,US,United States,anonymous,no,no,50 mins ago
50.219.71.165,80,US,United States,anonymous,no,no,50 mins ago
50.169.135.10,80,US,United States,anonymous,no,no,50 mins ago
50.173.157.72,80,US,United States,anonymous,no,no,50 mins ago
50.239.72.18,80,US,United States,anonymous,no,no,50 mins ago
50.227.121.37,80,US,United States,anonymous,no,no,50 mins ago
50.204.219.225,80,US,United States,anonymous,no,no,50 mins ago
50.239.72.19,80,US,United States,anonymous,no,no,50 mins ago
50.200.12.85,80,US,United States,anonymous,no,no,50 mins ago
50.173.157.78,80,US,United States,anonymous,no,no,50 mins ago
50.219.71.161,80,US,United States,anonymous,no,no,50 mins ago
50.171.2.13,80,US,United States,anonymous,no,no,50 mins ago
50.223.129.109,80,US,United States,anonymous,no,no,50 mins ago
24.158.29.166,80,US,United States,anonymous,no,no,50 mins ago
50.171.32.222,80,US,United States,anonymous,no,no,50 mins ago
50.171.2.8,80,US,United States,anonymous,no,no,50 mins ago
50.168.72.117,80,US,United States,anonymous,no,no,50 mins ago
50.171.32.229,80,US,United States,anonymous,no,no,50 mins ago
50.206.25.108,80,US,United States,anonymous,no,no,50 mins ago
50.231.110.26,80,US,United States,anonymous,no,no,50 mins ago
50.173.157.79,80,US,United States,anonymous,no,no,50 mins ago
50.237.89.163,80,US,United States,anonymous,no,no,50 mins ago
50.168.49.106,80,US,United States,anonymous,no,no,50 mins ago
50.220.211.82,80,US,United States,anonymous,no,no,50 mins ago
50.168.72.115,80,US,United States,anonymous,no,no,50 mins ago
50.204.233.30,80,US,United States,anonymous,no,no,50 mins ago
50.204.219.226,80,US,United States,anonymous,no,no,50 mins ago
184.10.84.74,80,US,United States,anonymous,no,no,50 mins ago
50.228.141.103,80,US,United States,anonymous,no,no,50 mins ago
50.237.89.167,80,US,United States,anonymous,no,no,50 mins ago
50.168.163.179,80,US,United States,anonymous,no,no,50 mins ago
161.35.57.8,8048,US,United States,elite proxy,no,yes,50 mins ago
50.168.163.178,80,US,United States,anonymous,no,no,50 mins ago
50.171.2.14,80,US,United States,anonymous,no,no,50 mins ago
50.227.121.32,80,US,United States,anonymous,no,no,50 mins ago
50.204.219.229,80,US,United States,anonymous,no,no,50 mins ago
50.173.140.138,80,US,United States,anonymous,no,no,50 mins ago
50.168.163.177,80,US,United States,anonymous,no,no,50 mins ago
50.206.25.110,80,US,United States,anonymous,no,no,50 mins ago
50.223.129.105,80,US,United States,anonymous,no,no,50 mins ago
50.219.71.166,80,US,United States,anonymous,no,no,50 mins ago
50.227.121.35,80,US,United States,anonymous,no,no,50 mins ago
50.239.72.17,80,US,United States,anonymous,no,no,50 mins ago
3.101.150.214,3128,US,United States,transparent,no,no,52 mins ago
67.205.179.93,31028,US,United States,elite proxy,no,yes,1 hour 1 min ago
167.99.174.59,80,US,United States,elite proxy,,no,1 hour 1 min ago
140.99.150.98,3128,US,United States,elite proxy,,no,1 hour 1 min ago
140.99.21.233,3128,US,United States,elite proxy,,no,1 hour 1 min ago
167.99.124.118,80,US,United States,anonymous,yes,no,1 hour 1 min ago
207.2.120.19,80,US,United States,anonymous,no,no,1 hour 1 min ago
103.152.112.145,80,US,United States,anonymous,no,no,1 hour 1 min ago
34.222.93.45,3128,US,United States,transparent,no,no,1 hour 2 mins ago
194.163.45.239,3128,US,United States,transparent,no,no,1 hour 6 mins ago
50.235.149.74,8080,US,United States,transparent,no,no,1 hour 6 mins ago
45.81.130.120,45787,US,United States,transparent,no,no,1 hour 9 mins ago
128.199.0.28,8888,US,United States,anonymous,no,no,1 hour 10 mins ago
38.154.239.218,3128,US,United States,anonymous,,no,1 hour 10 mins ago
64.225.8.115,9996,US,United States,elite proxy,no,yes,1 hour 10 mins ago
148.76.97.250,80,US,United States,anonymous,,no,1 hour 10 mins ago
50.228.83.226,80,US,United States,anonymous,no,no,1 hour 10 mins ago
107.1.93.217,80,US,United States,anonymous,no,no,1 hour 10 mins ago
50.228.141.102,80,US,United States,anonymous,no,no,1 hour 10 mins ago
50.217.153.72,80,US,United States,anonymous,no,no,1 hour 10 mins ago
50.217.153.74,80,US,United States,anonymous,no,no,1 hour 10 mins ago
50.122.86.118,80,US,United States,anonymous,no,no,1 hour 10 mins ago
50.223.129.111,80,US,United States,anonymous,no,no,1 hour 10 mins ago
